Reliable timer in a console application,John
Best way to allow plugins for a PHP application,Wally Lawless
NULL,Greg Hurlman
NULL,huseyint
Multiple submit buttons in an HTML form,Kevin
NULL,Justin
NULL,Nick Berardi
NULL,Jax
NULL,Karl Seguin
NULL,huseyint
NULL,Wally Lawless
"How do I get a distinct, ordered list of names from a DataTable using LINQ?",Bob
NULL,Redbaron
NULL,Bob
NULL,Greg Hurlman
Paging a collection with LINQ,Nick Berardi
NULL,Nick Berardi
NULL,Leon Bambrick
How do I add existing comments to RDoc in Ruby?,CodingWithoutComments
NULL,Chris Jester-Young
NULL,helloandre
NULL,Kevin
NULL,Ryan Fox
Check for changes to an SQL Server table?,TimM
SQLStatement.execute() - multiple queries in one statement,Shawn
NULL,Redbaron
NULL,Yaakov Ellis
NULL,Chris Jester-Young
NULL,huseyint
NULL,Chris Jester-Young
NULL,Mads Kristiansen
NULL,Nick Berardi
NULL,CodingWithoutComments
NULL,Mat
NULL,CodingWithoutComments
NULL,saint_groceon
NULL,pix0r
"Anatomy of a ""Memory Leak""",huseyint
NULL,Bernard
Best Subversion clients for Windows Vista (64bit),pix0r
Decoding T-SQL CAST in C#/VB.NET,Dillie-O
NULL,Pat
How to use the C socket API in C++ on z/OS,Jax
NULL,Karl Seguin
NULL,Dave Ward
NULL,Nick Berardi
NULL,cmcculloh
Throw an error in a MySQL trigger,Matt MacLean
NULL,Nick Berardi
NULL,Shawn
How would you access Object properties from within an object method?,cmcculloh
NULL,Greg Hurlman
NULL,Shawn
How to export data from SQL Server 2005 to MySQL,Mat
NULL,saint_groceon
XSD DataSets and ignoring foreign keys,Dillie-O
NULL,pix0r
NULL,pix0r
NULL,Dillie-O
NULL,Coincoin
NULL,svrist
Compressing / Decompressing Folders & Files,DylanJ
How do I track file downloads,Grant
NULL,Chris Jester-Young
NULL,Dillie-O
NULL,alumb
NULL,Tom Grochowicz
What is the fastest way to get the value of π?,Chris Jester-Young
NULL,saint_groceon
NULL,Kevin Dente
NULL,Tim Boland
NULL,Coincoin
NULL,Nick Berardi
NULL,John
How do I sync the SVN revision number with my ASP.NET web site?,Zack Peterson
Embedding Windows Media Player for all browsers,Michael Stum
NULL,Nick Berardi
NULL,Grant
NULL,MojoFilter
NULL,saint_groceon
Versioning SQL Server database,Zack Peterson
How do I print an HTML document from a web service?,Chris Marasti-Georg
Binary Data in MySQL,Geoff Dalgas
error_log per Virtual Host?,Michael Stum
Filling a DataSet or DataTable from a LINQ query result set,Geoff Dalgas
NULL,svrist
NULL,Ryan Fox
Floating Point Number parsing: Is there a Catch All algorithm?,Michael Stum
Upgrading SQL Server 6.5,Dave Ward
NULL,alumb
NULL,Dillie-O
NULL,helloandre
NULL,Greg Hurlman
NULL,helloandre
NULL,huseyint
NULL,Chris Marasti-Georg
What's the best way to generate a tag cloud from an array using h1 through h6 for sizing?,w-ll
NULL,Michael Stum
Register Windows program with the mailto protocol programmatically,Liron Yahdav
NULL,Dillie-O
